,nhidden,f1,f2,f3,f4
0,50.0,85.13058129738837,,,
1,50.0,84.75147430497051,,,
