,nhidden,f1,f2,f3,f4
0,50.0,84.79910087103119,,,
1,50.0,85.65608316942962,,,
