,nhidden,f1,f2,f3,f4
0,50.0,83.90901386737823,,,
1,50.0,91.82813838124275,,,
