,nhidden,f1,f2,f3,f4
0,50.0,80.38774877786636,,,
1,50.0,91.17729663848877,,,
