,nhidden,f1,f2,f3,f4
0,50.0,90.22859707474709,,,
1,50.0,85.3608250617981,,,
