,nhidden,f1,f2,f3,f4
0,50.0,92.06185567010307,,,
1,50.0,88.34155087404751,,,
